{"cameraMode":{"drawMode":0,"name":"Shaded","section":"Shading Mode"},"sceneLighting":true,"audioPlay":false,"sceneViewState":{"showFog":true,"showMaterialUpdate":true,"showSkybox":true,"showFlares":true,"showImageEffects":true,"showParticleSystems":true},"in2DMode":false,"pivot":{"x":80.58682250976563,"y":2.0553104877471926,"z":-17.772260665893556},"rotation":{"x":0.06882043182849884,"y":0.11021068692207337,"z":-0.007650874555110931,"w":0.9914961457252502},"size":4.942756175994873,"orthographic":false}