{"cameraMode":{"drawMode":0,"name":"Shaded","section":"Shading Mode"},"sceneLighting":true,"audioPlay":false,"sceneViewState":{"showFog":true,"showMaterialUpdate":true,"showSkybox":true,"showFlares":true,"showImageEffects":true,"showParticleSystems":true},"in2DMode":false,"pivot":{"x":77.0301513671875,"y":9.420980453491211,"z":-9.320728302001954},"rotation":{"x":0.29981696605682375,"y":0.0017127767205238343,"z":-0.000538391643203795,"w":0.9539985656738281},"size":46.01868438720703,"orthographic":false}