{"cameraMode":{"drawMode":0,"name":"Shaded","section":"Shading Mode"},"sceneLighting":true,"audioPlay":false,"sceneViewState":{"showFog":false,"showMaterialUpdate":false,"showSkybox":false,"showFlares":false,"showImageEffects":false,"showParticleSystems":false},"in2DMode":false,"pivot":{"x":7.632715225219727,"y":-4.5259246826171879,"z":-8.877680778503418},"rotation":{"x":-0.41841909289360049,"y":0.4502013921737671,"z":-0.2520078122615814,"w":-0.7474917769432068},"size":59.004276275634769,"orthographic":false}