{"cameraMode":{"drawMode":0,"name":"Shaded","section":"Shading Mode"},"sceneLighting":true,"audioPlay":false,"sceneViewState":{"showFog":false,"showMaterialUpdate":false,"showSkybox":false,"showFlares":false,"showImageEffects":false,"showParticleSystems":false},"in2DMode":false,"pivot":{"x":80.22000122070313,"y":1.3489086627960206,"z":107.80000305175781},"rotation":{"x":0.2924017608165741,"y":-0.05848316475749016,"z":0.01791832223534584,"w":0.9543429613113403},"size":22.0,"orthographic":false}