{"cameraMode":{"drawMode":0,"name":"Shaded","section":"Shading Mode"},"sceneLighting":true,"audioPlay":false,"sceneViewState":{"showFog":false,"showMaterialUpdate":false,"showSkybox":false,"showFlares":false,"showImageEffects":false,"showParticleSystems":false},"in2DMode":false,"pivot":{"x":46.49382781982422,"y":10.336156845092774,"z":58.346656799316409},"rotation":{"x":0.010634815320372582,"y":0.9740046262741089,"z":0.22138868272304536,"w":-0.04678815230727196},"size":71.58502960205078,"orthographic":false}