{"cameraMode":{"drawMode":0,"name":"Shaded","section":"Shading Mode"},"sceneLighting":true,"audioPlay":false,"sceneViewState":{"showFog":true,"showMaterialUpdate":true,"showSkybox":true,"showFlares":true,"showImageEffects":true,"showParticleSystems":true},"in2DMode":false,"pivot":{"x":430.503173828125,"y":192.8919677734375,"z":-0.441925048828125},"rotation":{"x":0.023995129391551019,"y":0.015290605835616589,"z":-0.00036712418659590185,"w":0.9995967745780945},"size":505.5045471191406,"orthographic":false}